{
    "name": "BlankSystem",
    "title": "Blank System Example",
    "description": "An example of a basic system and character sheet for Foundry VTT.",
    "author": "SpandexAndy",
    "version": 0.3,
    "minimumCoreVersion": "0.6.4",
    "compatibleCoreVersion": "9.249",
    "scripts": ["BlankSystem.js"],
    "styles": ["BlankSystem.css"],
    "packs": [],
    "languages": [],
    "gridDistance": 5,
    "gridUnits": "ft",
    "primaryTokenAttribute": "hp",
    "initiative": "1d20",
    "url": "https://github.com/SpandexAndy/BlankSystem",
    "manifest": "https://github.com/SpandexAndy/BlankSystem/releases/latest/download/system.json",
    "download": "https://github.com/SpandexAndy/BlankSystem/releases/latest/download/BlankSystem.zip"    
}